CREATE DATABASE  IF NOT EXISTS `bistro` /*!40100 DEFAULT CHARACTER SET utf8mb4 COLLATE utf8mb4_0900_ai_ci */ /*!80016 DEFAULT ENCRYPTION='N' */;
USE `bistro`;
-- MySQL dump 10.13  Distrib 8.0.44, for Win64 (x86_64)
--
-- Host: localhost    Database: bistro
-- ------------------------------------------------------
-- Server version	8.0.44

/*!40101 SET @OLD_CHARACTER_SET_CLIENT=@@CHARACTER_SET_CLIENT */;
/*!40101 SET @OLD_CHARACTER_SET_RESULTS=@@CHARACTER_SET_RESULTS */;
/*!40101 SET @OLD_COLLATION_CONNECTION=@@COLLATION_CONNECTION */;
/*!50503 SET NAMES utf8 */;
/*!40103 SET @OLD_TIME_ZONE=@@TIME_ZONE */;
/*!40103 SET TIME_ZONE='+00:00' */;
/*!40014 SET @OLD_UNIQUE_CHECKS=@@UNIQUE_CHECKS, UNIQUE_CHECKS=0 */;
/*!40014 SET @OLD_FOREIGN_KEY_CHECKS=@@FOREIGN_KEY_CHECKS, FOREIGN_KEY_CHECKS=0 */;
/*!40101 SET @OLD_SQL_MODE=@@SQL_MODE, SQL_MODE='NO_AUTO_VALUE_ON_ZERO' */;
/*!40111 SET @OLD_SQL_NOTES=@@SQL_NOTES, SQL_NOTES=0 */;

--
-- Table structure for table `opening_hours`
--

DROP TABLE IF EXISTS `opening_hours`;
/*!40101 SET @saved_cs_client     = @@character_set_client */;
/*!50503 SET character_set_client = utf8mb4 */;
CREATE TABLE `opening_hours` (
  `id` int NOT NULL AUTO_INCREMENT,
  `day_of_week` int DEFAULT NULL,
  `specific_date` date DEFAULT NULL,
  `open_time` time DEFAULT NULL,
  `close_time` time DEFAULT NULL,
  `is_closed` tinyint(1) DEFAULT '0',
  PRIMARY KEY (`id`)
) ENGINE=InnoDB AUTO_INCREMENT=22 DEFAULT CHARSET=utf8mb4 COLLATE=utf8mb4_0900_ai_ci;
/*!40101 SET character_set_client = @saved_cs_client */;

--
-- Dumping data for table `opening_hours`
--

LOCK TABLES `opening_hours` WRITE;
/*!40000 ALTER TABLE `opening_hours` DISABLE KEYS */;
INSERT INTO `opening_hours` VALUES (1,1,NULL,'00:10:00','22:00:00',0),(2,2,NULL,'08:00:00','23:00:00',0),(3,3,NULL,'09:30:00','21:30:00',0),(4,4,NULL,'12:00:00','22:30:00',0),(5,5,NULL,'09:00:00','23:00:00',0),(6,6,NULL,'08:00:00','16:00:00',0),(7,7,NULL,'10:00:00','23:59:00',0),(21,0,'2026-01-24',NULL,NULL,1);
/*!40000 ALTER TABLE `opening_hours` ENABLE KEYS */;
UNLOCK TABLES;

--
-- Table structure for table `order`
--

DROP TABLE IF EXISTS `order`;
/*!40101 SET @saved_cs_client     = @@character_set_client */;
/*!50503 SET character_set_client = utf8mb4 */;
CREATE TABLE `order` (
  `order_number` int NOT NULL AUTO_INCREMENT,
  `order_date` datetime NOT NULL,
  `number_of_guests` int NOT NULL,
  `confirmation_code` int NOT NULL,
  `subscriber_id` int DEFAULT NULL,
  `date_of_placing_order` timestamp NULL DEFAULT CURRENT_TIMESTAMP,
  `status` enum('PENDING','SEATED','COMPLETED','CANCELLED','NO_SHOW','WAITING','NOTIFIED','BILLED') DEFAULT 'PENDING',
  `phone` varchar(20) DEFAULT NULL,
  `email` varchar(50) DEFAULT NULL,
  `customer_name` varchar(50) DEFAULT NULL,
  `total_price` double DEFAULT '0',
  `assigned_table_id` int DEFAULT NULL,
  `actual_arrival_time` datetime DEFAULT NULL,
  `actual_leave_time` datetime DEFAULT NULL,
  `entered_waitlist` tinyint(1) DEFAULT '0',
  PRIMARY KEY (`order_number`)
) ENGINE=InnoDB AUTO_INCREMENT=88 DEFAULT CHARSET=utf8mb4 COLLATE=utf8mb4_0900_ai_ci;
/*!40101 SET character_set_client = @saved_cs_client */;

--
-- Dumping data for table `order`
--

LOCK TABLES `order` WRITE;
/*!40000 ALTER TABLE `order` DISABLE KEYS */;
INSERT INTO `order` VALUES (1,'2025-12-01 19:18:34',2,1111,3,'2025-12-12 17:18:34','COMPLETED','0521001001','dana@gmail.com','Dana Cohen',180,1,'2025-12-01 19:38:34','2025-12-01 21:38:34',1),(2,'2025-12-22 19:18:34',4,1112,NULL,'2025-12-17 17:18:34','COMPLETED','0549876543','idan@walla.com','Idan Regev',400,4,'2025-12-22 19:18:34','2025-12-22 22:18:34',0),(3,'2026-01-01 18:38:34',4,2222,4,'2026-01-16 17:18:34','BILLED','0522002002','tal@gmail.com','Tal Levi',0,4,'2026-01-16 18:38:34',NULL,1),(4,'2026-01-16 19:08:34',4,7777,NULL,'2026-01-16 17:18:34','BILLED','0545556667','ben@gmail.com','Ben Arad',0,5,'2026-01-16 19:08:34',NULL,0),(5,'2026-01-16 17:13:34',2,3333,5,'2026-01-16 17:18:34','NO_SHOW','0523003003','yossi@gmail.com','Yossi Mizrahi',0,NULL,'2026-01-16 17:13:34',NULL,0),(6,'2026-01-01 18:58:34',2,4444,NULL,'2026-01-16 17:18:34','NO_SHOW','0541231231','oren@gmail.com','Oren Katz',0,NULL,NULL,NULL,0),(7,'2026-01-16 19:18:34',2,5555,NULL,'2026-01-16 17:18:34','CANCELLED','0509998887','noa@walla.com','Noa Lavi',0,NULL,NULL,NULL,0),(8,'2026-01-16 21:18:34',4,6001,6,'2026-01-16 17:18:34','NO_SHOW','0524004004','ofir@gmail.com','Ofir Golan',0,NULL,NULL,NULL,0),(9,'2026-01-17 18:30:00',3,2205,318679446,'2026-01-16 17:39:22','CANCELLED','0535232465','talzablev@gmail.co.il','Tal Zablev',0,NULL,NULL,NULL,0),(10,'2026-01-19 18:30:00',2,3265,5,'2026-01-16 17:32:22','CANCELLED','0523623256','adel@gmail.com','Adel Abed',0,NULL,NULL,NULL,0),(11,'2026-01-19 19:00:00',4,1001,NULL,'2026-01-16 17:50:40','CANCELLED','0501111111','block1@test.com','Blocker 1',0,4,NULL,NULL,0),(12,'2026-01-19 19:00:00',4,1002,NULL,'2026-01-16 17:50:40','CANCELLED','0501111112','block2@test.com','Blocker 2',0,5,NULL,NULL,0),(13,'2026-01-19 19:00:00',4,1003,NULL,'2026-01-16 17:50:40','CANCELLED','0501111113','block3@test.com','Blocker 3',0,6,NULL,NULL,0),(14,'2026-01-19 19:00:00',6,1004,NULL,'2026-01-16 17:50:40','CANCELLED','0501111114','block4@test.com','Blocker 4',0,7,NULL,NULL,0),(15,'2026-01-19 19:00:00',6,1005,NULL,'2026-01-16 17:50:40','CANCELLED','0501111115','block5@test.com','Blocker 5',0,8,NULL,NULL,0),(16,'2026-01-19 19:00:00',8,1006,NULL,'2026-01-16 17:50:40','CANCELLED','0501111116','block6@test.com','Blocker 6',0,9,NULL,NULL,0),(17,'2026-01-19 19:00:00',10,1007,NULL,'2026-01-16 17:50:40','CANCELLED','0501111117','block7@test.com','Blocker 7',0,10,NULL,NULL,0),(18,'2026-01-19 19:00:00',2,3732,318679446,'2026-01-16 18:20:27','CANCELLED','0535232465','talzablev@gmail.co.il','TalZablev',0,NULL,NULL,NULL,0),(19,'2026-01-17 19:30:00',3,8926,318679446,'2026-01-16 19:03:40','CANCELLED','0535232465','talzablev@gmail.co.il','TalZablev',0,NULL,NULL,NULL,0),(20,'2026-01-17 19:00:00',10,125784,NULL,'2026-01-16 19:06:10','CANCELLED','050TABLETEST','victim1@test.com','TABLE TESET',0,10,NULL,NULL,0),(21,'2026-01-18 19:00:00',4,4237,318679446,'2026-01-16 19:10:03','CANCELLED','0535232465','talzablev@gmail.co.il','TalZablev',0,NULL,NULL,NULL,1),(22,'2026-01-17 20:00:00',10,5566,NULL,'2026-01-16 19:20:29','CANCELLED','050-VICTIM','victim@test.com','9999',0,10,NULL,NULL,0),(23,'2026-01-17 20:00:00',10,5698,NULL,'2026-01-16 19:32:08','CANCELLED','050-TEST-AGAIN','test_again@test.com','9999',0,10,NULL,NULL,0),(24,'2026-01-17 19:00:00',10,19991,NULL,'2026-01-16 19:40:50','CANCELLED','050-TEST-1','client1@test.com','1001',0,10,NULL,NULL,0),(25,'2026-01-18 20:00:00',10,19992,NULL,'2026-01-16 19:40:50','CANCELLED','050-TEST-2','client2@test.com','1002',0,10,NULL,NULL,0),(26,'2026-01-28 12:00:00',4,50526,NULL,'2026-01-16 19:51:44','CANCELLED','050-HOUR-TEST','hours_victim@test.com','5555',0,5,NULL,NULL,0),(27,'2026-01-28 14:00:00',2,745869,NULL,'2026-01-16 19:53:33','CANCELLED','054-LUNCH','lunch_guy@test.com','1111',0,2,NULL,NULL,0),(28,'2026-01-28 19:00:00',4,142536,NULL,'2026-01-16 19:53:33','CANCELLED','054-DINNER','dinner_fam@test.com','2222',0,3,NULL,NULL,0),(29,'2026-01-28 21:30:00',2,172839,NULL,'2026-01-16 19:53:33','CANCELLED','054-LATE','late_night@test.com','3333',0,4,NULL,NULL,0),(30,'2026-01-28 14:00:00',2,745869,NULL,'2026-01-16 19:56:27','CANCELLED','054-LUNCH','lunch_guy@test.com','1111',0,2,NULL,NULL,0),(31,'2026-01-28 19:00:00',4,142536,NULL,'2026-01-16 19:56:27','CANCELLED','054-DINNER','dinner_fam@test.com','2222',0,3,NULL,NULL,0),(32,'2026-01-28 21:30:00',2,172839,NULL,'2026-01-16 19:56:27','CANCELLED','054-LATE','late_night@test.com','3333',0,4,NULL,NULL,0),(33,'2026-01-17 20:00:00',10,5698,NULL,'2026-01-16 19:58:57','CANCELLED','050-TEST-AGAIN','test_again@test.com','9999',0,10,NULL,NULL,0),(34,'2026-01-28 12:00:00',4,50526,NULL,'2026-01-16 20:09:09','CANCELLED','050-HOUR-TEST','hours_victim@test.com','5555',0,5,NULL,NULL,0),(35,'2026-01-17 20:00:00',10,5698,NULL,'2026-01-16 20:10:48','CANCELLED','050-TEST-AGAIN','test_again@test.com','9999',0,10,NULL,NULL,0),(37,'2026-01-16 22:17:28',5,5460,NULL,'2026-01-16 20:17:28','BILLED','0549786993','','Roni Chen',0,7,'2026-01-16 22:17:28',NULL,0),(38,'2026-01-17 13:25:13',2,2774,1,'2026-01-17 13:25:13','COMPLETED','050-TEST001','perfect@test.com','Mr. Perfect (Test)',200,NULL,'2026-01-17 13:25:13','2026-01-17 15:25:13',0),(39,'2026-01-17 13:05:13',4,3693,1,'2026-01-17 13:25:13','COMPLETED','050-TEST002','late@test.com','Ms. Late (Test)',400,NULL,'2026-01-17 13:25:13','2026-01-17 15:25:13',0),(40,'2026-01-17 12:25:13',2,1145,1,'2026-01-17 13:25:13','COMPLETED','050-TEST003','stayer@test.com','Dr. Overstay (Test)',300,NULL,'2026-01-17 12:25:13','2026-01-17 15:25:13',0),(41,'2026-01-17 15:25:13',3,1644,1,'2026-01-17 13:25:13','COMPLETED','050-TEST004','waiter@test.com','Mr. Waitlist (Test)',0,NULL,NULL,NULL,1),(42,'2026-01-17 13:25:24',2,3786,1,'2026-01-17 13:25:24','COMPLETED','050-TEST001','perfect@test.com','Mr. Perfect (Test)',200,NULL,'2026-01-17 13:25:24','2026-01-17 15:25:24',0),(43,'2026-01-17 13:05:24',4,4999,1,'2026-01-17 13:25:24','COMPLETED','050-TEST002','late@test.com','Ms. Late (Test)',400,NULL,'2026-01-17 13:25:24','2026-01-17 15:25:24',0),(44,'2026-01-17 12:25:24',2,4636,1,'2026-01-17 13:25:24','COMPLETED','050-TEST003','stayer@test.com','Dr. Overstay (Test)',300,NULL,'2026-01-17 12:25:24','2026-01-17 15:25:24',0),(45,'2026-01-17 15:25:24',3,7186,1,'2026-01-17 13:25:24','COMPLETED','050-TEST004','waiter@test.com','Mr. Waitlist (Test)',0,NULL,NULL,NULL,1),(47,'2026-01-30 12:30:00',3,4165,NULL,'2026-01-17 13:27:25','CANCELLED','0528894624','inna@gmail.com','Inna Reli',0,NULL,NULL,NULL,0),(50,'2026-01-18 15:37:36',4,1001,NULL,'2026-01-17 13:37:36','CANCELLED','0501111111','delete@test.com',' Delete Me',0,NULL,NULL,NULL,0),(51,'2026-01-17 17:00:00',3,6319,294869446,'2026-01-17 13:52:14','NO_SHOW','0528950494','amit@gmail.com','Amit Marcus',0,NULL,NULL,NULL,0),(52,'2026-01-17 17:00:00',5,8858,NULL,'2026-01-17 13:54:51','NO_SHOW','0539293485','itay@gmail.com','Itay Lvey',0,NULL,NULL,NULL,0),(53,'2026-01-17 18:30:41',4,1234,NULL,'2026-01-17 14:51:51','NO_SHOW','0501234567','test@test.com','Test User',0,NULL,NULL,NULL,1),(54,'2026-01-17 17:09:20',4,3866,NULL,'2026-01-17 15:09:20','BILLED','0539485733','','Omer levy',0,3,'2026-01-17 17:09:20',NULL,0),(55,'2026-01-17 17:20:52',5,7830,318679446,'2026-01-17 15:20:52','NO_SHOW','0535232465','talzablev@gmail.co.il','Tal Zablev',0,NULL,'2026-01-17 17:20:52',NULL,0),(56,'2026-01-17 17:35:18',4,7787,294869446,'2026-01-17 15:35:18','NO_SHOW','0528950494','amit@gmail.com','Amit Marcus',360,NULL,'2026-01-17 17:35:18','2026-01-17 18:30:41',0),(57,'2026-01-17 17:38:21',3,3738,NULL,'2026-01-17 15:38:20','NO_SHOW','0539583922','','Amir Al',300,NULL,'2026-01-17 17:38:20','2026-01-17 18:33:15',0),(58,'2026-01-17 17:38:46',6,4209,NULL,'2026-01-17 15:38:45','BILLED','0539483022','','Omer Ben Ami',0,7,'2026-01-17 17:38:45',NULL,0),(59,'2026-01-17 17:40:03',5,9046,NULL,'2026-01-17 15:40:03','BILLED','0539583923','','Omer Adam',0,8,'2026-01-17 17:40:03',NULL,0),(60,'2026-01-17 17:40:38',8,1034,NULL,'2026-01-17 15:40:37','COMPLETED','0539294832','','Tal Achiel',800,NULL,'2026-01-17 17:40:37','2026-01-17 18:38:04',0),(61,'2026-01-17 17:41:00',4,6134,NULL,'2026-01-17 15:40:59','BILLED','0593829577','','Roi Azuly',0,10,'2026-01-17 17:40:59',NULL,0),(62,'2026-01-17 18:38:04',8,6880,NULL,'2026-01-17 15:41:59','NO_SHOW','0539285933','','Ali Levy',0,NULL,NULL,NULL,1),(63,'2026-01-17 21:00:00',3,2842,318679446,'2026-01-17 17:30:31','COMPLETED','0535232465','talzablev@gmail.co.il','Tal Zablev',270,NULL,'2026-01-17 20:29:20','2026-01-17 22:29:20',0),(64,'2026-01-17 23:00:00',4,6614,318679446,'2026-01-17 17:34:15','SEATED','0535232465','talzablev@gmail.co.il','Tal Zablev',0,4,'2026-01-17 22:44:30',NULL,0),(65,'2026-01-17 21:52:35',2,8888,NULL,'2026-01-17 17:52:35','NO_SHOW','050-1111111','israel@test.com','Israel Israeli',0,NULL,NULL,NULL,0),(66,'2026-01-17 19:32:35',4,9999,NULL,'2026-01-17 17:52:35','NO_SHOW','052-2222222','moshe@test.com','Moshe Cohen',0,NULL,NULL,NULL,0),(67,'2026-01-17 21:30:00',4,2665,NULL,'2026-01-17 18:06:55','BILLED','0543213224','','Omer Adam',0,3,'2026-01-17 20:09:57',NULL,0),(68,'2026-01-17 21:30:00',5,8622,318679446,'2026-01-17 18:27:43','NO_SHOW','0535232465','talzablev@gmail.co.il','Tal Zablev',0,NULL,NULL,NULL,0),(69,'2026-01-18 09:30:00',3,9586,318679446,'2026-01-17 18:28:32','PENDING','0535232465','talzablev@gmail.co.il','Tal Zablev',0,NULL,NULL,NULL,0),(70,'2026-01-17 22:00:00',3,1574,318679453,'2026-01-17 18:53:33','NO_SHOW','0547595694','danaz@gmail.com','Dana Zablev',0,NULL,NULL,NULL,0),(71,'2026-01-30 08:30:00',5,7331,318679453,'2026-01-17 18:53:53','PENDING','0547595694','danaz@gmail.com','Dana Zablev',0,NULL,NULL,NULL,0),(72,'2026-01-19 10:00:00',4,2806,315397126,'2026-01-17 19:24:47','CANCELLED','0542330867','idan1@gmail.com','Idan Ben Ami',0,NULL,NULL,NULL,0),(73,'2026-01-18 19:00:00',9,1422,NULL,'2026-01-17 19:26:01','NOTIFIED','','0539285944','Moshe Mizrachi',0,NULL,NULL,NULL,0),(74,'2026-01-21 11:00:00',9,7395,NULL,'2026-01-17 20:05:37','CANCELLED','0539284756','','Adi Chen',0,NULL,NULL,NULL,0),(75,'2026-01-18 00:11:53',4,9001,NULL,'2026-01-17 20:11:53','SEATED','0501234567','test_before@gmail.com','Bodek Reminder',0,5,'2026-01-17 22:42:02',NULL,0),(76,'2026-01-17 20:11:34',4,9002,NULL,'2026-01-17 20:12:34','COMPLETED','0501234567','test_after@gmail.com','Bodek Invoice',400,NULL,'2026-01-17 20:11:34','2026-01-17 22:39:19',0),(77,'2026-01-17 22:45:47',9,4680,NULL,'2026-01-17 20:45:47','COMPLETED','053893822','','Eyal Golan',900,NULL,'2026-01-17 22:45:47','2026-01-17 23:04:53',0),(78,'2026-01-17 22:46:49',9,5618,NULL,'2026-01-17 20:46:48','COMPLETED','0539483028','','Inna Zablev',900,NULL,'2026-01-17 22:46:48','2026-01-17 22:49:26',0),(79,'2026-01-17 22:47:17',9,9666,NULL,'2026-01-17 20:47:16','CANCELLED','0493827483','','Amit Izchak',0,NULL,NULL,NULL,1),(80,'2026-01-17 22:48:08',4,5919,NULL,'2026-01-17 20:48:08','COMPLETED','0593758492','','Itay Achiel',400,NULL,'2026-01-17 22:48:08','2026-01-17 23:03:36',0),(81,'2026-01-17 22:49:26',9,4153,NULL,'2026-01-17 20:48:33','NO_SHOW','0493827455','','Ati Azulay',0,NULL,NULL,NULL,1),(82,'2026-01-17 23:07:16',9,6357,NULL,'2026-01-17 21:07:16','COMPLETED','0549384759','','Tali Cohen',900,NULL,'2026-01-17 23:07:16','2026-01-18 00:33:35',0),(83,'2026-01-17 23:07:46',9,2245,NULL,'2026-01-17 21:07:46','NO_SHOW','0594839587','','Amit Bak',0,NULL,NULL,NULL,1),(84,'2026-01-17 23:30:26',9,8826,NULL,'2026-01-17 21:30:25','SEATED','0535493867','','Amit Levy',0,NULL,NULL,NULL,1),(85,'2026-01-17 23:31:42',2,1111,NULL,'2026-01-17 21:31:42','COMPLETED',NULL,NULL,NULL,0,NULL,'2026-01-17 23:31:42','2026-01-18 00:31:42',0),(86,'2026-01-17 23:31:42',2,2222,NULL,'2026-01-17 21:31:42','COMPLETED',NULL,NULL,NULL,0,NULL,'2026-01-17 23:51:42','2026-01-18 01:51:42',0),(87,'2026-01-18 00:12:24',9,6917,NULL,'2026-01-17 22:12:24','CANCELLED','0549384756','','Ilya Zablev',0,NULL,NULL,NULL,1);
/*!40000 ALTER TABLE `order` ENABLE KEYS */;
UNLOCK TABLES;

--
-- Table structure for table `tables`
--

DROP TABLE IF EXISTS `tables`;
/*!40101 SET @saved_cs_client     = @@character_set_client */;
/*!50503 SET character_set_client = utf8mb4 */;
CREATE TABLE `tables` (
  `table_id` int NOT NULL,
  `capacity` int NOT NULL,
  `status` varchar(20) DEFAULT NULL,
  PRIMARY KEY (`table_id`)
) ENGINE=InnoDB DEFAULT CHARSET=utf8mb4 COLLATE=utf8mb4_0900_ai_ci;
/*!40101 SET character_set_client = @saved_cs_client */;

--
-- Dumping data for table `tables`
--

LOCK TABLES `tables` WRITE;
/*!40000 ALTER TABLE `tables` DISABLE KEYS */;
INSERT INTO `tables` VALUES (1,2,'AVAILABLE'),(2,2,'AVAILABLE'),(3,4,'OCCUPIED'),(4,4,'OCCUPIED'),(5,4,'OCCUPIED'),(6,6,'AVAILABLE'),(7,6,'OCCUPIED'),(8,8,'OCCUPIED'),(9,8,'AVAILABLE'),(10,8,'AVAILABLE'),(11,9,'AVAILABLE');
/*!40000 ALTER TABLE `tables` ENABLE KEYS */;
UNLOCK TABLES;

--
-- Table structure for table `users`
--

DROP TABLE IF EXISTS `users`;
/*!40101 SET @saved_cs_client     = @@character_set_client */;
/*!50503 SET character_set_client = utf8mb4 */;
CREATE TABLE `users` (
  `user_id` int NOT NULL,
  `username` varchar(45) NOT NULL,
  `password` varchar(45) NOT NULL,
  `first_name` varchar(45) DEFAULT NULL,
  `last_name` varchar(45) DEFAULT NULL,
  `role` varchar(20) NOT NULL,
  `phone` varchar(20) DEFAULT NULL,
  `email` varchar(45) DEFAULT NULL,
  `member_code` int DEFAULT NULL,
  `is_logged_in` tinyint(1) DEFAULT '0',
  PRIMARY KEY (`user_id`),
  UNIQUE KEY `username_UNIQUE` (`username`),
  UNIQUE KEY `member_code_UNIQUE` (`member_code`)
) ENGINE=InnoDB DEFAULT CHARSET=utf8mb4 COLLATE=utf8mb4_0900_ai_ci;
/*!40101 SET character_set_client = @saved_cs_client */;

--
-- Dumping data for table `users`
--

LOCK TABLES `users` WRITE;
/*!40000 ALTER TABLE `users` DISABLE KEYS */;
INSERT INTO `users` VALUES (1,'RonenB','1234','Ronen','Bar','MANAGER','0500000001','ronen@bistro.com',9999,0),(2,'SaraK','1234','Sara','Klein','WORKER','0500000002','sarah@bistro.com',8888,0),(3,'DanaC','1234','Dana','Cohen','MEMBER','0521001001','dana@gmail.com',1001,0),(4,'TalL','1234','Tal','Levi','MEMBER','0522002002','tal@gmail.com',1002,0),(5,'YossiM','1234','Yossi','Mizrahi','MEMBER','0523003003','yossi@gmail.com',1003,0),(6,'OfirG','1234','Ofir','Golan','MEMBER','0524004004','ofir@gmail.com',1004,0),(7,'adelA','1234','Adel','Abed','MEMBER','0523623256','adel@gmail.com',326578,0),(294869446,'amitm','1234','Amit','Marcus','MEMBER','0528950494','amit@gmail.com',402024,0),(315397126,'idana','1234','Idan','Ben Ami','MEMBER','0542330867','idan1@gmail.com',521093,0),(318679446,'talz','1234','Tal','Zablev','MEMBER','0535232465','talzablev@gmail.co.il',906056,0),(318679453,'danaz','1234','Dana','Zablev','MEMBER','0547595695','danaz@gmail.com',767433,0);
/*!40000 ALTER TABLE `users` ENABLE KEYS */;
UNLOCK TABLES;
/*!40103 SET TIME_ZONE=@OLD_TIME_ZONE */;

/*!40101 SET SQL_MODE=@OLD_SQL_MODE */;
/*!40014 SET FOREIGN_KEY_CHECKS=@OLD_FOREIGN_KEY_CHECKS */;
/*!40014 SET UNIQUE_CHECKS=@OLD_UNIQUE_CHECKS */;
/*!40101 SET CHARACTER_SET_CLIENT=@OLD_CHARACTER_SET_CLIENT */;
/*!40101 SET CHARACTER_SET_RESULTS=@OLD_CHARACTER_SET_RESULTS */;
/*!40101 SET COLLATION_CONNECTION=@OLD_COLLATION_CONNECTION */;
/*!40111 SET SQL_NOTES=@OLD_SQL_NOTES */;

-- Dump completed on 2026-01-18  0:59:30
